company,jobrequest,salary,tags,title
,,,,
上海格诺生物科技有限公司,,0.8-1.2万/月,上海-浦东新区  |  无工作经验  |  本科  |  招1人  |  08-14发布,生物信息算法研究员
杭州慧知连科技有限公司,"工作内容：,根据公司业务，进行人脸检测、人脸跟踪、人脸配准、人脸验证、活体检测前沿技术的算法研究,岗位要求：,1. 国内一流大学硕士/博士学历，计算机计算机或者数学、图像处理、模式识别、机器学习相关专业；,2. 具有三年以上从事模式识别算法研究工作经验；,3.  熟练掌握模式识别领域相关知识，具有独立研究和开发核心算法的能力;,3. 熟悉boosting、svm、神经网络，有deep learning研究经验者优先（熟悉caffe、TensorFlow、mxnet、paddle中至少一种开源深度学习框架）；,4. 熟练应用vc，Python，matlab等编程工具；,5. 有扎实的数字图像处理、机器学习和模式分类等相关方面的理论基础和实践经验；,6. 有相关人脸识别工作经验者优先；",2.5-5万/月,上海-静安区  |  3-4年经验  |  硕士  |  招若干人  |  08-14发布,资深图像算法研究员（上海）
北京中创信测科技股份有限公司,"岗位职责：,1、 构建和定义分析指标体系；,2、 基于业务应用场景建立和优化基础算法模型；,3、 针对具体数据利用各种挖掘算法进行数据关系探索；,4、 利用机器学习算法实现分类、预测等；,5、 完成上级领导交办的其它工作。,任职资格:,1、 计算机、数学或者统计学相关专业本科及以上学历，本科3年以上工作经验，有大数据分析经验优先；,2、 优秀的分析问题和解决问题的能力，具有较好的归纳能力与较好的文字和语言表达能力； ,3、 至少熟悉Python/Java/Scala其中之一，熟练掌握SQL，有算法模型实施经验； ,4、 熟悉常用统计理论和数据挖掘算法的一种或者多种（如线性模型，朴素贝叶斯，决策树，支持向量机，随机森林，神经网络，逻辑回归，聚类分析，推荐算法，广告算法，PCA，SVD等）者优先； ,5、 熟悉Spark大数据分析生态环境，熟悉Spark MLib或者Spark Graphx者优先； ,6、 熟悉深度学习或者机器学习类算法者优先； ,7、 具备良好的团队精神、沟通能力和表达能力，有较强的数据敏感度，良好的沟通协调能力。",1.5-2.5万/月,南京-江宁区  |  3-4年经验  |  本科  |  招1人  |  08-14发布,大数据分析算法研究员
北京智慧眼科技股份有限公司,,2-4万/月,北京-海淀区  |  无工作经验  |  招若干人  |  08-14发布,计算机视觉算法研究员
上海时代天使医疗器械有限公司,,30-40万/年,上海-杨浦区  |  无工作经验  |  硕士  |  招1人  |  08-14发布  |  数学与应用数学 力学,高级算法研究员
中科探海（苏州）海洋科技有限责任公司,,0.5-1万/月,张家港  |  无工作经验  |  硕士  |  招4人  |  08-14发布,算法研究员
北京人人金服投资管理有限公司,"岗位职责：,1. 利用统计分析建模、机器学习算法、自然语言处理等技术方法，针对国内外金融市场产品，研发量化投资策略；,2. 包括但不限于量化 FOF 基金分析与投资策略研发；债券等固收产品的信用风险量化分析；股票、期货量化投资策略研发；金融财经舆情系统研发等；,3. 进行量化投资模型的研发与优化，进行程序化交易策略的代码开发，并协助客户和投资经理进行投资决策；,4. 参与部门日常管理和服务、软硬件建设、团队建设等各方面工作。,任职要求：,1.硕士及以上学历，计算机、金融工程，统计学，数学、物理等相关专业；,2. 熟练掌握至少一种编程语言（Python/JAVA/C++/C/R等，其中 Python 优先）； ,3. 有机器学习、数据挖掘、自然语言处理等经验者优先 ；,4. 有量化投资，FOF基金筛选，股票、期货量化交易经验者优先；,5. 熟悉MySQL, Sql Server等数据库的使用，能熟练使用SQL语言者优先；,7. 具备证券从业资格，CPA、CFA等资格证书者优先；,6. 有ACM竞赛获奖经历优先，有国际高水平会议论文者优先；,8. 精力充沛、乐于分享与交流、抗压能力较强、注重工作实效；",300元/天,北京-朝阳区  |  无工作经验  |  本科  |  招2人  |  08-14发布,算法研究员实习生
北京清软创新科技股份有限公司,"1、从事公司业务领域算法的研究、仿真、开发工作； ,2、负责对已有算法的实用化和优化进行的研究、仿真、开发工作。,任职资格：,1、硕士及以上学历，应用数学、统计数学、计算数学、电力等相关专业；,2、熟练掌握R语言、Python语言或Matlab工具；,3、熟悉各种统计方法、优化算法；,4、有扎实的数学基础，有算法相关的实际项目经验；,5、较好的沟通能力，能够熟练阅读英文文献，为人诚恳踏实，动手能力强；,6、有C/C++或者Java编程开发经验者优先；,7、有电力系统负荷预测、优化规划等相关算法编制者优先。",1.5-2万/月,北京  |  无工作经验  |  硕士  |  招1人  |  08-14发布,算法研究员
北京捷通华声科技股份有限公司厦门办事处,"""职位描述：,1. 负责输入法（IME）的算法研究与引擎设计开发；,2. 负责跟进行业前沿技术发展趋势，跟踪国际新算法发展方向和相应技术。,任职资格：,1. 毕业于211或985院校、统招硕士以上学历，计算机相关专业；,2. 了解当前输入法的方法，能够跟踪新的研究方向；,3. 了解语言模型的相关背景知识；,4. 至少掌握一门编程语言，有一定的软件开发项目经验（精通C/C++优先）；,5. 能够流畅阅读英文文献,6. 有相关工作经历或实验室背景优先；,7. 有LR/GMM/SVM/CRF/MaxEnt/HMM/LDA/DNN/CNN/RNN的研究背景者优先；,8.能够对输入法（IME）算法进行工程实现和优化。,""",1-2万/月,厦门  |  无工作经验  |  硕士  |  招1人  |  08-14发布,输入法算法研究员（IME)
珠海市四维时代网络科技有限公司,"【岗位职责】,1. 负责基于图片的三维重建算法开发与优化,2. 负责在已有三维重建算法基础上开发新功能,【任职要求】,1.模式识别/通信/计算机/自动化/数学相关专业硕士及以上学历,2.熟练掌握C/C++和MATLAB，Python 有很强的代码实现能力,3.熟练使用过OpenCV/OpenGL/PCL等图形图像开源库,4.有在Linux和Windows系统环境下编程的经验,5.具备良好的学习能力，能够熟练阅读英文文献，并根据文献实现相关算法,6.熟练掌握常见数据结构和算法，能够分析和优化计算逻辑，提升性能,【加分项】,1.有做过特征点提取与匹配，基于图片三维重建（SFM）相关项目经验者优先,【公司优势】,1. 与德国人工智能研究中心（DFKI）合作成立中德人工智能研究院（CMCAI），目前有中德专家团队成员约200人，团队成员均来自DFKI以及4DAGE的高级研究员,2. 创始人及高管人员均是欧洲海归博士及国内名校高材生，研发团队具有丰富的技术开发及项目运营经验；有机会去往德国人工智能研究中心（DFKI）互访学习,3. 公司于2017年完成了4000万元的Pre-A轮融资，现处于B轮融资阶段，发展前景极好,4. 五险一金齐全，周末双休，有机会入户珠海，带薪年假，年终境外旅游，弹性工作制，每年1-3次调薪机会，丰厚年终奖,5. 提供优质宿舍，上班接送车，年度免费体检，节日福利，每月一次的购书福利，每天零食水果饮品宵夜供应,6. 队友特别神，待遇特别高，环境特别好，机会特别多，不定期团建活动和培训课程，还能抓住时代机遇，参与打造一家横扫全球的人工智能计算视觉公司",1.5-2万/月,珠海-珠海高新区  |  无工作经验  |  招1人  |  08-14发布,图像算法研究员（SFM）
珠海安润普科技有限公司,,1.2-1.6万/月,珠海  |  2年经验  |  本科  |  招2人  |  08-10发布,算法研究员(职位编号：2017026)
广州广电银通金融电子科技有限公司,"岗位职责：,1、 负责智能视频深度学习算法的调研、搭建、开发及优化；,2、负责基于GPU的图像处理算法开发及优化； ,3、跟踪相关领域的技术发展趋势，参与视频、图像领域等人工智能新技术的研究，针对实际问题开发新算法； ,4、 根据市场需求，制定项目计划，安排项目组成员完成开发任务。,任职要求：,1、模式识别、机器学习、图像处理及计算机视觉等相关专业背景； ,2、负责视频分析方面算法的研究和开发；负责深度学习方面算法开发；,3、设计能够解决应用需求的具体算法，根据项目需求，完成算法的设计、验证和优化；,4、负责相关图像处理与识别算法的代码实现、集成，测试与维护；,5、海康、大华、佳都新太、高新兴、铂亚信息、浩云等有工作经历者优先。",3.5-4.5万/月,广州  |  5-7年经验  |  硕士  |  招2人  |  08-10发布,高级算法研究员
上海云济信息科技有限公司,"负责公司医学图像处理技术的文献调研，技术选型，方案制定，架构设计，实验开发等工作  ,带领和培养人才梯队，完成上级安排的任务并增进团队整体实力  ,  ,  ,  ,  ,985硕士及以上学历，相关领域博士优先  ,精通图像处理技术，熟悉人工智能相关技术  ,在深度学习，图像处理相关专业学术会议上有比较突出的文献产出及贡献  ,在目标检测，人脸识别，医疗影像，医疗大数据等方向有突出贡献者优先  ,在kaggle，天池等比赛中获得较好名次者优先  ,熟练掌握python，scala，java，c++等语言中的一项或多项  ,精通TensorFlow，mxnet，caffe等平台中的一种或多种  ,硕士以上学历，第一学历985高校或国外同等级别学校；硕博阶段研究方向偏机器学习，或计算机视觉；  ",2-3万/月,上海  |  无工作经验  |  硕士  |  招若干人  |  08-10发布,算法研究员
上海正雅齿科科技股份有限公司,,2-3万/月,上海-浦东新区  |  无工作经验  |  博士  |  招3人  |  08-14发布,高级算法研发工程师/算法研究员
广州尊游软件科技有限公司,"岗位职责:,1.负责承担密码加密解密技术趋势跟踪研究、密码算法实现、密码算法优化改进、密码技术与应用结合点分析等工作；,2.负责各类密码相关算法解读、编写；,3.研究和分析现有的共识算法，设计和实现一套符合业务要求，有自主创新的算法。,4.参与相应项目模块的开发及文档编写。,任职要求：,1.密码学、计算机专业硕士及以上学历；,2.具备一定的密码算法相关的背景知识，具有良好的数学基础，熟悉对称、非对称、HASH等加密解密算法；,3.对区块链技术有深刻的理解, 非常熟悉如BITCOIN, ETH, EOS, RIPPLE的底层技术原理、机制和相关算法者优先；,4.熟练使用Shell、Python，熟悉Java或c/c++或Go编程，具备扎实的编程基础；,5.技术能力扎实，能快速学习掌握新技术，有相关项目经验优先；,6.对算法有一定要求，了解常用算法的思想，能写出伪代码。熟悉常用加密算法，知道各种加密算法的适合场景。,优先:,1. 如ACM等程序设计比赛获奖",2.5-5万/月,广州-海珠区  |  3-4年经验  |  本科  |  招1人  |  08-14发布,区块链接算法研究员
深圳市康英科技有限公司,"工作职责：,1、负责公司产品的算法研究与开发，包括但不限于医学弱信号研究，信号处理，信息采集等前沿技术研究；,2、对研究的算法及医学原理理论结合公司实际产品独立评估算法可行性，并建立模型，制定算法及整体技术设计规范；,3、在开发过程及应用过程中充分验证并且充分结合实际使用情况改良优化算法，使之转化为产品可实用方案；,4、参与公司产品定义及设计提出相关建议；,5、领导交代的其他任务；,任职要求：,1. 重点本科或硕士研究生以上学历，数学、计算机、物理、生物医学工程等相关专业毕相关专业,具备很强的数理功底；,2. 熟练掌握一门或以上主流编程语言（C、C++、C#、Matlab），有相关项目研发经验者优先；,3. 具备需求分析及系统设计能力，有较强的逻辑分析及沟通能力； 具备生物医学弱信号采集和提取相关经验；,4. 工作积极主动、认真负责,热爱项目管理工作，并具备较强的抗压能力，学习能力较强；,5. 具有较强的人际沟通及语言表达能力，口头沟通能力，思维逻辑能力强；,6. 乐于接受挑战，善于学习，具备良好的英文水平，能熟练阅读英文技术资料并理解国外相关领域论文。",1-1.5万/月,深圳-南山区  |  2年经验  |  本科  |  招若干人  |  08-14发布,算法研究员
山东万腾电子科技有限公司,"负责图像处理、模式识别、数据挖掘软件开发，算法研究。,任职要求：,1、本科以上学历，图像处理、模式识别、数据挖掘等方向；,2、扎实的计算机程序开发基本功，熟练掌握C++和面向对象的思想；,3、在数据结构、算法和代码、软件设计方面具备较深的理解,有实际项目经验；,4、熟悉常用的机器学习算法如协同过滤、逻辑回归、聚类，神经网络、SVM、决策树等；,5、硕士或博士学历，在图像处理，模式识别领域发表过一定水准的论文者优先考虑；,6、从事过手机等嵌入式行业的算法研究优先。,公司为同学提供实习机会及有吸引力的项目薪资及员工培训，新人入职均会配以资深导师进行一对一辅导，只要你肯努力，会让你快速成为智能制造领域技术大牛。同时公司热烈欢迎优秀的工程师全职加入，担任独当一面的岗位有机会获得期权，甚至成为技术合伙人；另外，我们有众多优秀IT/工业企业的推荐渠道（只因为认识的HR多），我们也愿意为优秀的工程师提供推荐。,工作地址,山东省济南市高新区开拓路2269号1号楼101",0.8-1.2万/月,济南-高新区  |  2年经验  |  本科  |  招1人  |  08-14发布,算法研究员\图像处理工程师
极课大数据,"岗位职责:,负责智能组卷、用户画像、推荐、OCR、知识图谱相关的算法研究,任职要求:,1. 硕士以上学历，985以上院校，计算机/数学或算法相关专业，研究方向包括但不限于机器学习、人工智能、模式识别、自然语言处理、图像识别等；,2. 针对业务需求提出合适的算法解决方案，推动该方案在业务系统的实现；,3. 从数据中发现现有系统和算法的不足，提出改进的算法并推动实现；,4. 能独立阅读英文文献并进行具体实现；,5.有独立建立完整数据模型，并最终实现模型落地的经验；,6. 有较多的程序开发经验，对数据结构和算法知识应用熟练；有大数据处理经验者加分。",3-4万/月,北京-朝阳区  |  3-4年经验  |  硕士  |  招1人  |  08-09发布,算法研究员
深圳市佰事达通国际货运代理有限公司," 岗位：,http://www.shunchang-tech.com/cn/about.asp",1-1.5万/月,深圳-龙岗区  |  2年经验  |  硕士  |  招2人  |  08-11发布  |  英语熟练  |  电气信息工程 通信工程,语音音频高级算法研究员
杭州英歌智达科技有限公司,,2.5-5万/月,杭州  |  3-4年经验  |  大专  |  招3人  |  08-12发布,高级算法研究员（工程师）
北京数字政通科技股份有限公司武汉分公司,"岗位职责：,1、带领专业团队跟踪前沿技术，共同研发高质量的机器学习（深度学习算法）；,2、结合城市管理、社会管理、公路管理和停车场等行业应用，研究技术方案、算法选型、框架设计。推进算法产品化。,任职要求：,1、计算机、自动化、数学等相关专业硕士及以上学历，博士优先；,2、具有较好的PYTHON/MATLAB、C/C++基础、数学基础，有很强的算法实现能力；掌握常见的设计模式；有算法架构经验者优先,3、具有3年以上模式识别算法开发经验。有Caffe，MXNet，TensorFlow项目经验优先；具有图像/视频分析、智能目标检测、特征识别和目标行为分析相关背景者优先；,4、具有较强的逻辑思维能力和责任感，曾担任过项目负责人，具备优秀的沟通能力和推进能力；,5、在知名国际会议发表文章或获得过竞赛奖项者优先",1.5-2.5万/月,武汉-东湖新技术产业开发区  |  3-4年经验  |  硕士  |  招2人  |  08-13发布,资深算法研究员
深圳市腾讯计算机系统有限公司,,,北京  |  5-7年经验  |  硕士  |  招1人  |  08-13发布,MIG15-语音识别算法研究员(职位编号：40305)
深圳光启空间技术有限公司,"岗位职责：,1、计算机视觉、语音识别、文本分析、信号处理等相关算法的设计、开发与调试，并记录全部流程；                     ,2、前沿人工智能算法的跟踪、实现与优化，并完成技术文档，实现算法规范化管理；                   ,3、整理项目需求数据，完成数据清理及结构化，按要求归类数据，形成优质的算法测试集，完成算法测试，并以文档形式记录整个流程，实现规范化管理。,任职要求：,1、本科及以上学历，计算机、应用数学、物理、统计等相关专业；                                             ,2、掌握常见的计算机视觉、图像处理、机器学习、信号处理等算法，并能完成代码实现；                       ,3、具备扎实的编程基础，熟悉常用数据结构与算法；                                                     ,4、熟练使用Python、、OpenCV/OpenGL/Caffe等常用开源库；具有深度学习框架搭建能力者优先；                                                                                          ,5、具有较强的文献阅读和算法实现者优先，有过SLAM或目标跟踪/检测等项目经历者优先，具备深度学习项目经验者优先，开源社区参与者和贡献者优先。",2-3万/月,深圳-南山区  |  无工作经验  |  本科  |  招1人  |  08-13发布,算法研究员
瀚思安信（北京）软件技术有限公司,,1.5-3万/月,成都-高新区  |  5-7年经验  |  硕士  |  招2人  |  08-13发布,机器学习算法研究员
武汉光庭信息技术股份有限公司,"1、参与系统设计、方案构架设计、原型系统开发；,2、负责图像处理核心算法设计及性能优化；,        ,3、申请专利和发表相关论文。,1、计算机、数学相关专业博士毕业且未满35周岁；,2、熟悉常用的计算机视觉和图像处理算法；,3、能够熟练使用英语或日语进行工作交流；,                ,4、熟悉C\C++、Linux系统，了解嵌入式系统开发的优先。",1.5-2万/月,武汉-东湖新技术产业开发区  |  无工作经验  |  博士  |  招1人  |  08-13发布  |  英语熟练,图像处理算法研究员
武汉环宇智行科技有限公司,"职位描述,负责自动驾驶系统场景的实时规划决策算法研究和实现,任职资格,计算机或相关专业硕士或博士学历,熟练掌握C/C++开发,具有丰富的Linux系统开发经验,熟知决策规划基本算法和算法优化的方法和思路,了解Apollo技术框架优先,有相关交通决策规划或者自动驾驶规划相关经验者优先,具有复杂决策系统设计和实现经验者优先,良好的团队协作精神",0.8-2万/月,武汉-东湖新技术产业开发区  |  无工作经验  |  硕士  |  招2人  |  08-13发布,规划决策算法研究员
IBM China,"IBM中国研究院与学术界及工业界广泛合作，致力于基础人工智能技术的研发，包括自然语言处理/理解、语音识别、语音合成、问答系统、对话系统、情感分析、深度学习、强化学习等。您需要对人工智能技术的底层架构及算法有一定的研究，并有基于已有的技术进行创新性改进的能力。,我们希望您：,1. 对科学创新抱有极大热情,2. 具备独立计划、管理研究项目和追求科学卓越的能力,3. 展示和捍卫自己的科学发现的能力,4. 博士或硕士，至少在以下的一个领域里拥有足够的专业知识和提出项目及方法的能力：深度学习、增强学习、神经网络、自然语言处理/理解、声学分析、语音信号处理、机器人、物联网。,5. 至少熟练掌握以下一种语言：C, C++, Java, Python,6. 最好有过硬的论文或专利发表记录,加入我们，您将有机会学习： ,1. 如何在国际企业开展研究项目,2. 如何与国际团队合作,3. 如何申请专利,4. 如何将研究成果转化成能产生价值的解决方案或产品",1.5-2万/月,北京  |  无工作经验  |  硕士  |  招3人  |  08-13发布  |  英语,AI算法研究员/工程师
安徽水天信息科技有限公司,"岗位职责: 公司技术涉及图像检测，识别，跟踪，图像拼接，欢迎有志于此的人员加盟,1、图像及视频分析算法的研究； ,2、图像及视频分析算法的C/C++实现； ,3、图像及视频处理模块的开发与测试。 ,任职资格： ,1、计算机/电子/信息科学/数学等相关学科，本科及以上学历； ,2、 熟悉数字图像处理、模式识别、计算机视觉，有较强的数学功底； ,3、具有较强的编程能力，精通 C/C++ 等编程语言； ,4、具有较高水平的英语科技文献阅读能力； ,5、参与过目标检测与识别、姿态识别等相关项目或者有计算机视觉、模式识别相关科研经验者优先。,薪资福利：,五险一金、带薪假、年终奖、交通补贴、午餐补贴、过节费、生日津贴",0.8-1万/月,合肥  |  1年经验  |  硕士  |  招5人  |  08-13发布  |  英语熟练  |  计算机科学与技术,图像处理算法研究员
深圳市铱硙医疗科技有限公司,"职责：,1、负责AI+医疗相关算法研发，包括医学影像预处理、目标检测和分割、病种分类、病灶自动识别以及诊断报告自动生成等技术研发；,2、负责医学影像领域的市场调研、研发落地和应用，同时协同相关方进行医学数据获取、标注、评估等工作。,3、根据研发进展撰写相关论文和专利。,要求：,1、研究生及以上学历，博士优先，具有图像算法相关研发经验；,2、掌握计算机视觉领域的基础理论和算法，具有扎实的背景知识；,3、有***国际会议或期刊论文者优先；,4、精通Python/Matlab，能够快速实现和改进相关图像分析算法；,5、具备良好的团队合作和沟通能力，优秀的逻辑思维能力和学习能力；",1.5-2.5万/月,深圳  |  无工作经验  |  硕士  |  招若干人  |  08-13发布,医学图像算法研究员
杭州同花顺数据开发有限公司,"工作职责:,-跟进最新的机器学习/深度学习/强化学习算法，推进新算法在语义、图像、语音、智能识别等领域的应用,任职资格:,-计算机相关专业，在人工智能算法方面具有深厚的知识背景和研发功底,-发表过多篇论文",1.2-2万/月,杭州-余杭区  |  无工作经验  |  硕士  |  招若干人  |  08-13发布,算法研究员
北京安德医智科技有限公司,"从事医疗人工智能多个领域的研究，把人工智能应用在诊断，治疗，康复等等以提高医疗水平。诚聘对人工智能有兴趣，想学并想用技术改变医疗行业，有一个济世救人的伟大理想的人加入我们。特别欢迎数学，物理，工程系的理工同学，对技术热忱，数学天分高，热爱创造新东西，奇思妙想的同学加入我们。人工智能背景不是必要条件。,- 负责计算机图像&机器学习（包括深度学习）算法的开发与性能提升；,- 负责下述研究课题中的一项或多项，包括但不限于：检测、跟踪、分类、深度估计、图像处理、强化学习、机器人技术相关算法等；,- 针对项目执行中遇到的新问题，研究如何抽象建模，设计高效的机器学习、深度学习算法；对机器学习、深度学习领域内学术界、工业界最新 的研究进展进行跟踪、实践，并逐渐应用到实际项目中；,- 推动机器学习算法在医疗实际应用和落地。,– 计算机，数学，物理，工程类本科，硕士，博士学历,– 熟悉一种编程语言 (python, java, javascript, c++, c）,– 在图像识别、理解、分割领域有研究等经验优先；,- 独立分析和思考问题并加以解决的能力和习惯- 善于沟通，团队协作精神良好，乐于分享经验与感悟，促进团队共同进步- 工作认真负责、耐心细致，逻辑清晰，具有团队合作精神，有较强的事业心和责任心",1-2.5万/月,北京-丰台区  |  无工作经验  |  本科  |  招10人  |  08-13发布,机器学习算法研究员
湖南胜云光电科技有限公司,"岗位职责,1.根据需求，设计算法并制定概念模型,2.协助开发部门，实现算法落地与系统整合,任职要求,1.本科以上学历，有理工科专业背景，或数学相关专业,2.具备一定的编程基础，掌握c++/java/python等任一门语言,3.熟悉常见的优化算法，如遗传算法等",0.8-1万/月,长沙  |  2年经验  |  本科  |  招3人  |  08-13发布,算法研究员
PwC 普华永道,,,深圳  |  1年经验  |  本科  |  招若干人  |  08-14发布  |  英语熟练,算法研究员-风险及控制_广州/深圳(职位编号：29196BR)
平安科技（深圳）有限公司,,2-2.5万/月,北京-朝阳区  |  2年经验  |  硕士  |  招20人  |  08-14发布,111135-AI算法研究员(职位编号：111135)
大连隆基信息技术有限公司,"图像处理与模式识别算法研究员/算法工程师, ,岗位职责：,生物识别算法研究，智能视频分析等；, ,岗位要求：,1、数学、计算机、电子等相关专业，硕士研究生及以上学历；,2、熟练掌握图像处理和模式识别的基本算法，并在如下一个或多个相关方向有深入研究：目标检测、目标跟踪、目标识别、几何图像校正、图像特征提取、图像分割和图像质量评价等；,3、具备C/C++开发经验，代码编写能力较强，能用C/C++、MATLAB、Lua或Python等语言完成算法的设计、编码和验证工作,有使用opencv计算机视觉库的开发经验优先考虑；,4、熟悉机器学习和统计学习方法，深度学习方法，有参加生物识别算法研究、图像处理算法研究经验者优先考虑；,5、在视频分析中，有参加人的属性和行为分析，以及运动目标轨迹分析等项目开发经验者优先；,6、有较强的外文献检索能力，有较好的英文读写能力，有文献代码实现及移植能力者优先。,7、欢迎专业对口的优秀毕业生投递，欢迎专家、资深研究人员投递，本单位有能力提供匹配对应的薪水。,联系人：姚小姐,简历投递邮箱：lilian.yao@gaoxinjob.com,电话 0411—84591976  ",1-1.5万/月,大连  |  无工作经验  |  本科  |  招若干人  |  08-14发布,图像处理与模式识别算法研究员/算法工程师
上海孝庸资产管理有限公司,"职责描述：,1.研究国内外股票、期货市场的算法交易策略；,2.独立开发算法交易策略，参与建模、回测验证、仿真交易、实盘跟踪、撰写策略报告等全过程； ,3.对算法交易模型进行回测和验证，确保模型的稳定及有效；,4.根据交易结果及交易基准，研究相应的交易算法，实现交易手法多样化；,5.完成上级安排的其他工作。,任职要求：,1.硕士及以上学历，计算机、统计、数学或金融工程相关专业；,2.熟悉国内证券或期货市场交易规则；,3.较强的建模、数理统计和数据分析能力，数学功底扎实、思维严谨；,4.具有较强的编程能力。,薪酬福利： ,1.薪资体系：底薪+绩效+年终奖金；,2.福利设置：午餐补贴，生日、节日礼金礼卡，电影、聚餐，公司不同办公场地设有零食、饮料多样的茶水间；,3.假期安排：除国家规定假期、休假外每年较其他行业多6-8天假期；,4.旅游活动：公司每年组织项目、形式多样化的国内外旅游；,5.俱乐部：公司设有“骁·Young俱乐部”，定期组织不同类型的团建、体育赛事等活动；,6.培训学习：完善的员工培训体系，与时俱进、安静舒适的图书室全天开放。",1.2-2.5万/月,上海-徐汇区  |  无工作经验  |  硕士  |  招1人  |  08-14发布,算法研究员
广东星舆科技有限公司,"1. 负责基于单目，双目摄像头的地图构建算法及自主定位算法的技术研发及相关产品实现；,2. 负责对VSLAM开源算法选型和二次开发；,3. 负责与惯导算法工程师配合进行融合算法开发。,岗位要求： ,1.2019年毕业，硕士以上学历；,2.计算机、图像处理、应用数学、统计学、模式识别、人工智能、自动化控制、  运筹学、生物学、物理学/量子计算、神经科学等专业 ；,3. 具有扎实的数学基础，精通多视几何、非线性优化等； ,4. 熟练掌握SLAM前端VO的相关知识与算法，对PnP姿态求解问题有深入研究  ,5. 熟悉SLAM后端的优化算法如BA，图优化理论及常用第三方库的使用如OpenCV&Ceres&g2o及TF/MxNet/Caffe 6. 熟悉EKF、粒子滤波、g2o、BA TSDF等算法；  ,7. 视觉惯性里程计（VIO）相关算法，了解IMU数据处理与融合； ,8. 基于激光雷达、IMU或单目、双目，RGB-D摄像头等输入信息的地图构建算法，有处理RGBD图像或点云经验 ,9. 熟悉SVO，ORB-SLAM和holokit系统（理论和代码），并对特征点识别跟踪，姿态防抖动，重定位，闭环检测，词袋模型有深入研究与实践；  ,10. 扎实的C/C++/python等语言知识及熟练使用常用的数据结构与算法。,11. 有良好的逻辑思维能力和数据敏感度，能够熟练阅读和编写英文论文，具有优秀的科学技术研究能力； ,福利待遇：,1、国家法定节假日、带薪年假、股票期权；,2、五险一金基本保障，入职当月即缴纳社保(当月15日后入职的次月缴纳社保)；,3、极具竞争力的薪酬，年终奖金另计；,4、定期团队活动、年会；各类过节福利、节日礼品、慰问金等；,5、晚七点餐补、晚九点的士补；还有不定期聚餐、旅游、水果、下午茶等；,6、公司处广电科技园内，风景雅致，有大型员工餐厅；公司设有冰箱、微波炉等，可自带饭菜；也可由前台统一订购外卖；,7、浓郁的科技创新氛围，务实扁平化组织；和谐、融洽、分享的工作氛围，更有nice的领导，牛人大咖的指引；,8、符合落户条件者，公司负责办理广户手续及报销费用。",1.2-1.7万/月,广州-天河区  |  无工作经验  |  硕士  |  招若干人  |  08-14发布  |  普通话良好,SLAM算法研究员（2019届校园招聘）
贝骨智能科技（深圳）有限公司,"岗位职责：,1、从事生物医学信号处理核心算法的研究；,2、负责算法的移植和优化；,3、针对实际问题进行新算法的建模、仿真和评测；,4、跟踪生物医学信号处理算法的最新研究进展。,任职要求：,1、数学、生物医学工程、通信与电子、自动化、仪器与信号测量或相关专业的硕士或博士学历；,2、扎实的数学功底、三年以上信号处理算法编写经验，有独立的算法研发能力；,3、精通数学信号处理理论和方法，对医学信号有一定的了解；,4、精通Matlab、C/C++,熟悉Python；,5、熟悉基于MCU、定点DSP及其FPGA的算法移植。,6、有人体生理信号（心电、呼吸、血压等）处理算法设计经验的优先考虑",1.5-3万/月,深圳-南山区  |  无工作经验  |  硕士  |  招若干人  |  08-14发布,算法研究员
深圳市华付信息技术有限公司,"职责描述：,1、负责人脸识别产品的算法研究；,2、负责持续优化人工智能识别算法和机器学习模型，提高人脸识别的准确度和效率；,3、负责对已有AI系统进行分析，并出具优化调整方案或建议；,4、负责跟进行业前沿技术发展趋势，跟踪国际最新算法发展方向和相应技术；,5、负责其他人工智能产品的研发和产品化。,任职要求： ,1、计算机、数学、图像处理等相关专业硕士及以上学历，数学基础扎实，熟悉常用的机器学习方法；,2、有人脸识别相关的研究和工作经验，熟练使用C/C++语言，具备matlab、Pthyon或Java任一语言的编程能力更佳，有Mysql、Hadoop等关系型数据库或分布式数据库工作经验更佳；,3、熟悉OpenCV、CUDA、GPU等技术；,4、敢于承担责任，理解及学习能力强，抗压能力强，具备良好的团队合作精神；,5、熟悉各种深度学习模型，如CNN、DNN、RNN等；,6、能够流畅阅读英文资料。,注：岗位工作地点为深圳",3-5万/月,深圳-南山区  |  无工作经验  |  硕士  |  招5人  |  08-14发布,算法研究员
深圳市智微智能科技开发有限公司," 1、负责公司产品的算法研究与开发；, 2、对研究的算法及相关理论结合公司实际产品独立评估算法可行性，并建立模型，制定算法及整体技术设计规范；, 3、在开发过程及应用过程中充分验证并且充分结合实际使用情况改良优化算法，使之转化为产品可实用方案；, 4、参与公司产品定义及设计提出相关建议；, 5、领导交代的其他任务；             ,岗位要求：,1、本科以上学历，有相关工作经验。,2、熟悉大规模并行计算的基本原理并具有实现并行计算算法的基本能力，熟悉Hadoop或者Spark等架构，有过基于FPGA指令的算法优化经验者优先考虑。,3、熟悉深度神经网络，对常用的开源实现,如Caffe、Theano或ConvNet等有实践经验者优先考虑 。,4、待遇从优，可议。,          ",1-3万/月,深圳-福田区  |  无工作经验  |  招2人  |  08-14发布,算法研究员
万达信息股份有限公司,"工作职责：,  1. 负责影像智能产品的图像处理（分割、配准、机器学习等）算法研发工作；,  2. 负责对现有文献、专利等资料所揭示算法的调研、实现、评估、改进和提升；,  3. 负责根据产品需求定义或科研合作内容研发新的图像处理及显示算法；,  4. 负责撰写算法相关技术描述文档，并基于研究成果撰写发明专利；,  5. 协助测试工程师完成算法测试用例的设计；,  6. 协助风险分析工程师进行算法风险分析工作；,任职资格：,  硕士研究生及以上学历，生物医学工程、计算机或自动化等专业；,  至少熟悉2-3种常用的传统机器学习或深度学习算法；,  精通C++、Python等编程语言，熟练使用STL、BOOST、Lapack、OpenCV等算法库；,  思路清晰、善于表达、具有较强的口头和书面沟通能力；,  具有图像分割、图像配准算法研发经验者优先；,  对图像处理算法研发工作有极大的热情，立志成为一名算法专家；,    ,  具有产品级算法项目研发及团队合作经验者优先。",,上海  |  2年经验  |  本科  |  招若干人  |  08-14发布,医学影像算法研究员
重庆虚拟实境科技有限公司,,1.3-2.5万/月,重庆-九龙坡区  |  无工作经验  |  招2人  |  08-14发布,高级算法研究员(职位编号：03)
广州图匠数据科技有限公司,"岗位职责：,1. 理解和重构公司现有核心算法，并移植到嵌入式平台，如ARM、DSP、FPGA等；,2. 根据平台相关特性对算法进行定点化、指令集等方面优化；,3. 与算法研究员一起对算法进行定点化训练、模型压缩、模型裁剪等相关工作；,4. 与移动开发人员一起对算法进行测试和对齐工作。,任职要求：,1. 精通Linux下C/C++编程，有产品级开发经验；,2. 对嵌入式平台优化有深入理解，熟悉某一平台的特殊指令集，如ARM平台的NEON指令；,3. 对深度学习相关算法有一定了解，熟悉深度学习相关基础算子，如Convolution、Deconvolution、Pooling等操作；,4. 有算法定点化相关经验，算法定点训练背景更佳；,5. 了解一些常用嵌入式模型，如SqueezeNet、MobileNet、ShuffleNet等；,6. 理解深度学习相关算法的复杂度如何计算，有模型压缩和裁剪经验更佳；,7. 以上1、2为必要条件，3~6满足一条即可；,8. 良好的团队合作意识，思维敏捷，头脑开放，善于沟通。",2.5-5万/月,广州-海珠区  |  无工作经验  |  硕士  |  招1人  |  08-14发布,高级嵌入式视觉算法工程师
科技支持中心,"岗位要求：,深度学习、NLP方向相关专业，博士优先，实习3个月以上。,岗位职责：,负责NLP算法（分词、词性标注、语义计算等）人机交互、推荐、广告领域的前沿技术研究。",,深圳  |  无工作经验  |  本科  |  招若干人  |  04-24发布,AI lab算法研究员
西安竟伯商贸有限公司,,2-3万/月,西安-高新技术产业开发区  |  无工作经验  |  本科  |  招5人  |  06-19发布,算法研究员
北京华高世纪科技股份有限公司,"工作职责：,1、负责人工智能算法平台的研发（包括但不限于预测模型的设计，训练，调优等）；,2、通过人工智能算法、统计预测等前沿技术，分析海量数据，呈现商业价值。,任职要求：,1、计算机科学、电子工程、数学、统计学或其它人工智能相关专业，研究生及以上学历；,2、对常见的人工智能算法有深入理解，具有数据分析和建模能力；,3、有计算机视觉\自然语言处理\数据挖掘等领域工作经验，在某个子领域有过较深入的建模经验积累；,4、精通至少一种编程语言，包括但不限于Python，C/C++、C#、Java、R等；,5、熟练应用人工智能算法中的预测模型，例如随机森林、决策树、GBDT等；,6、对常见的机器学习或深度学习架构源码有研究；有深度学习建模经验。,7、具备良好的沟通、理解、表达能力，以及解决技术问题的能力。,优先考虑：,1、具有大数据下数据挖掘或分布式算法设计的工作经历；,2、对传统行业的业务有一定的了解。",1.5-2万/月,北京  |  无工作经验  |  硕士  |  招1人  |  06-19发布,大数据算法研究员
厦门科拓通讯技术股份有限公司,,1-1.5万/月,厦门  |  3-4年经验  |  本科  |  招若干人  |  06-20发布,图像算法研究员
深圳市寒武纪智能科技有限公司,"岗位职责：,1．负责图像算法研究和工程实现,2、业务方向包括但不限于人脸识别、物品识别、检测与跟踪、行人跟踪与统计、人脸关键点检测、动作识别、图像中文描述,3、 跟进图像识别落地产品全流程，包括图像数据集收集、图像识别模型建立、图像识别模型优化、落地的工程接口对接。,4．负责跟踪行业前沿技术,任职要求：,1. 模式识别、自动化、计算机相关专业硕士及以上，3年以上相关经验。,2. 熟练掌握C/C++，Python，基本熟悉shell脚本，能熟练在linux平台下做代码编译，调试，开发。,3. 熟悉CNN,RNN/LSTM等基本深度学习算法。熟悉常用深度学习框架Caffe/Mxnet/TF中的一种，最好是有改各种框架代码的经验。,4. 熟悉深度学习在图片分类，物体检测的常见框架思路，对近几年DL在图片分类，分割，物体检测的发展有较深的理解。,5. 有CUDA编程经验是优先。,6. 有Computer Vision***会议论文优先。,7. 熟悉常见机器学习算法优先。,8. 有检测与跟踪项目经验，或熟悉人体关键点检测优先",2-3.5万/月,苏州  |  无工作经验  |  硕士  |  招若干人  |  07-21发布,算法研究员
珠海市四维时代网络科技有限公司,"1. 负责基于机械臂的图像识别算法的开发与优化,5.具备良好的学习能力，能够熟练阅读英文文献，并根据文献实现相关算法,6.熟练掌握常见数据结构和算法，能够分析和优化计算逻辑，提升性能",1.5-2.5万/月,珠海-珠海高新区  |  无工作经验  |  招若干人  |  07-11发布,图像算法研究员（机械臂视觉）
埃摩森人才服务（上海）有限公司,"岗位职责：,1、负责自然语言处理相关算法研发工作，包括但不限于语义理解，语言生成，对话管理，信息抽取，知识图谱，自动问答，聊天机器人等；,2、把相关NLP算法做工程优化，并应用于实际上线的产品中；,3、跟踪NLP领域研究动态，发表学术论文和申请发明专利；,岗位要求：,1、计算机相关专业本科及以上学历；,2、熟练掌握Java或者C/C++语言，熟悉一门脚本语言，如Python；,3、有自然语言处理或机器学习经验，有深度学习经验优先；,4、有良好的学习，沟通和团队协作能力；,5、有较好的英文科技文献阅读能力；",1.5-2万/月,上海  |  3-4年经验  |  本科  |  招2人  |  07-22发布,NLP算法研究员
深圳光启空间技术有限公司,"岗位职责：,1、计算机视觉、语音识别、文本分析、信号处理等相关算法的设计、开发与调试，并记录全部流程；                     ,2、前沿人工智能算法的跟踪、实现与优化，并完成技术文档，实现算法规范化管理；                   ,3、整理项目需求数据，完成数据清理及结构化，按要求归类数据，形成优质的算法测试集，完成算法测试，并以文档形式记录整个流程，实现规范化管理。,任职要求：,1、硕士及以上学历，计算机、应用数学、物理、统计等相关专业；                                             ,2、掌握常见的计算机视觉、图像处理、机器学习、信号处理等算法，并能完成代码实现；                       ,3、具备扎实的编程基础，熟悉常用数据结构与算法；                                                     ,4、熟练使用Python、OpenCV/OpenGL/Caffe等常用开源库；具有深度学习框架搭建能力者优先；                                                                                          ,5、具有较强的文献阅读和算法实现者优先，有过目标跟踪/检测等项目经历者优先，具备深度学习项目经验者优先，开源社区参与者和贡献者优先。",2-4万/月,深圳-南山区  |  无工作经验  |  本科  |  招5人  |  08-13发布,算法研究员
杭州同花顺数据开发有限公司,"项目介绍：同花顺人工智能投资项目基于拥有证券投资领域最完整的金融数据、资讯信息和最大投资用户群体。人工智能投资项目利用自然语言解析、大数据、机器学习等人工智能技术，建立开放高效的投资研究平台。,工作职责:,-跟进最新的机器学习/深度学习算法，推进新算法在语义、图像、语音、智能识别等领域的应用,-改进现有机器学习/深度学习算法,-根据项目需求，独立设计新的算法模型,任职资格:,-应用数学、统计学、信号与信息处理、模式识别与智能系统以及计算机科学与技术等相关专业毕业,-英文好，读论文无压力,-在机器学习/深度学习算法方面具有深厚的知识背景和研发功底,-优秀的分析问题和解决问题的能力，对解决具有挑战性问题充满激情,-具有良好的沟通能力，和良好的团队合作精神",2-3万/月,杭州-余杭区  |  无工作经验  |  博士  |  招若干人  |  08-13发布,博士算法研究员（NLP/ML/DL/KG）
杭州同花顺数据开发有限公司,"项目介绍：同花顺人工智能投资项目基于拥有证券投资领域最完整的金融数据、资讯信息和最大投资用户群体。人工智能投资项目利用自然语言解析、大数据、机器学习等人工智能技术，建立开放高效的投资研究平台。,工作职责:,-跟进最新的机器学习/深度学习算法，推进新算法在语义、图像、语音、智能识别等领域的应用,-改进现有机器学习/深度学习算法,-根据项目需求，独立设计新的算法模型,任职资格:,-应用数学、统计学、信号与信息处理、模式识别与智能系统以及计算机科学与技术等相关专业毕业,-英文好，读论文无压力,-在机器学习/深度学习算法方面具有深厚的知识背景和研发功底,-优秀的分析问题和解决问题的能力，对解决具有挑战性问题充满激情,-具有良好的沟通能力，和良好的团队合作精神",2-3万/月,杭州-余杭区  |  无工作经验  |  硕士  |  招若干人  |  08-13发布,算法研究员（智能投顾）
平安科技（深圳）有限公司,,2-2.5万/月,上海-浦东新区  |  2年经验  |  本科  |  招10人  |  08-14发布,11115Z-医学影像算法研究员(职位编号：11115Z)
武汉环宇智行科技有限公司,"职位描述,1.负责基于视觉处理算法的研究开发,2.负责视觉算法的融合、集成和调优,任职资格,1.计算机或相关专业硕士或者博士,2.有扎实的图像分析和模式识别的理论基础，精通基于视觉的目标检测、跟踪、识别等见计算机视觉处理任务,3.有扎实的数学基础，精通几何、统计学、线性代数、高等函数等知识，并熟悉这些知识在图像识别领域的应用,4.精通C++及至少另一种常见编程语言,5.熟悉图像识别领域常用工具例如OpenCV等,6.熟悉图像识别领域的深度学习算法",0.8-2万/月,武汉-东湖新技术产业开发区  |  无工作经验  |  硕士  |  招2人  |  08-13发布,计算机视觉算法研究员
武汉环宇智行科技有限公司,"职位描述,1.负责无人驾驶系统场景的AI算法研究，仿真测试以及调优,2.负责AI算法在无人驾驶系统中的场景落地,任职资格,计算机或相关专业硕士或博士学历,熟悉主流的机器学习算法,熟悉深度学习原理，和常用的算法，例如RNN，CNN，LSTM等,熟悉主流AI框架，有Caffe，TensforFLow，TensorRT,了解主流自动驾驶仿真平台例如Apollp，AirSim等，能够通过仿真平台训练AI算法,精通C/C++和python,有对开源AI框架进行重构或改造经验者优先,有相关论文发表经验者优先,有利用AI算法应用于无人驾驶场景经验者优先",0.8-2万/月,武汉-东湖新技术产业开发区  |  无工作经验  |  硕士  |  招2人  |  08-13发布,AI算法研究员
北京中星微电子有限公司,"1. 跟进人工智能技术发展前沿，定期形成算法研究报告；,2. 根据产品研发实际需要，在图像及视频领域负责相关的数学模型建立，以及模型的多次迭代输出和实现；,3. 对图像数据预处理、统计分析、数据增扩等方向进行深入分析；,4. 建立算法测试条件、确定评估指标、实现并完善自动化评估环境；,5. 协助开发人员实现产品从模型、算法到系统的转变；,6. 推进人工智能技术的在前瞻性项目上的应用；,1. 全日制硕士及以上学历，博士优先，计算机、通信、数学、统计等相关专业；,2. 对工作充满热情，积极向上，对人工智能领域有浓厚兴趣，能够主动跟踪最新的人工智能技术；,3. 结合产品研发需求，独立展开算法研究的能力；,4. 优秀的数学功底（线性代数、概率），具有较强的数理统计分析能力；,5. 对 图像分类、目标检测、目标识别、目标跟踪、图像语义分割、图像检索中一项或者多项有深入理解；,6. 掌握人工智能、机器学习、神经网络等研究方向基础知识；,7. 掌握至少一门计算机开发语言（C/C++、java、python等）,8. 良好的学习和研究能力，能够独立阅读英文文献；,9. 具有团队协作能力和独立完成任务能力，愿意挑战新的领域；,10. 在以下领域发表SCI论文或者有实际开发经验者为佳：计算机视觉、图像处理、神经网络等；,11. 熟悉Linux操作系统、熟练掌握Shell、Python、MatLAB编程语言者为佳；,12. 熟悉Caffe2、Pytorch、Tensorflow、Mxnet等一种或多种神经网络计算框架者为佳；,                                                                                13. 有Kaggle、KITTI或者其他类似比赛的竞赛经验者为佳",1.5-2.5万/月,上海-浦东新区  |  3-4年经验  |  本科  |  招2人  |  08-13发布,深度学习算法研究员（图像、视频方向）
PwC 普华永道,,,广州  |  1年经验  |  本科  |  招若干人  |  08-14发布  |  英语熟练,算法研究员-风险及控制_广州/深圳(职位编号：29196BR)
广东星舆科技有限公司,"1. 负责基于单目，双目摄像头的地图构建算法及自主定位算法的技术研发及相关产品实现；,2. 负责对VSLAM开源算法选型和二次开发；,3. 负责与惯导算法工程师配合进行融合算法开发。,岗位要求： ,1.2019年毕业，硕士以上学历；,2.计算机、图像处理、应用数学、统计学、模式识别、人工智能、自动化控制、  运筹学、生物学、物理学/量子计算、神经科学等专业 ；,3. 具有扎实的数学基础，精通多视几何、非线性优化等； ,4. 熟练掌握SLAM前端VO的相关知识与算法，对PnP姿态求解问题有深入研究  ,5. 熟悉SLAM后端的优化算法如BA，图优化理论及常用第三方库的使用如OpenCV&Ceres&g2o及TF/MxNet/Caffe 6. 熟悉EKF、粒子滤波、g2o、BA TSDF等算法；  ,7. 视觉惯性里程计（VIO）相关算法，了解IMU数据处理与融合； ,8. 基于激光雷达、IMU或单目、双目，RGB-D摄像头等输入信息的地图构建算法，有处理RGBD图像或点云经验 ,9. 熟悉SVO，ORB-SLAM和holokit系统（理论和代码），并对特征点识别跟踪，姿态防抖动，重定位，闭环检测，词袋模型有深入研究与实践；  ,10. 扎实的C/C++/python等语言知识及熟练使用常用的数据结构与算法。,11. 有良好的逻辑思维能力和数据敏感度，能够熟练阅读和编写英文论文，具有优秀的科学技术研究能力； ,福利待遇：,1、国家法定节假日、带薪年假、股票期权；,2、五险一金基本保障，入职当月即缴纳社保(当月15日后入职的次月缴纳社保)；,3、极具竞争力的薪酬，年终奖金另计；,4、定期团队活动、年会；各类过节福利、节日礼品、慰问金等；,5、晚七点餐补、晚九点的士补；还有不定期聚餐、旅游、水果、下午茶等；,6、公司处广电科技园内，风景雅致，有大型员工餐厅；公司设有冰箱、微波炉等，可自带饭菜；也可由前台统一订购外卖；,7、浓郁的科技创新氛围，务实扁平化组织；和谐、融洽、分享的工作氛围，更有nice的领导，牛人大咖的指引；,8、符合落户条件者，公司负责办理广户手续及报销费用。",1.2-1.7万/月,广州-天河区  |  无工作经验  |  硕士  |  招若干人  |  08-14发布  |  普通话良好,SLAM算法研究员（2019届校园招聘）
广东星舆科技有限公司,"1. 负责基于单目，双目摄像头的地图构建算法及自主定位算法的技术研发及相关产品实现；,2. 负责对VSLAM开源算法选型和二次开发；,3. 负责与惯导算法工程师配合进行融合算法开发。,岗位要求： ,1.2019年毕业，硕士以上学历；,2.计算机、图像处理、应用数学、统计学、模式识别、人工智能、自动化控制、  运筹学、生物学、物理学/量子计算、神经科学等专业 ；,3. 具有扎实的数学基础，精通多视几何、非线性优化等； ,4. 熟练掌握SLAM前端VO的相关知识与算法，对PnP姿态求解问题有深入研究  ,5. 熟悉SLAM后端的优化算法如BA，图优化理论及常用第三方库的使用如OpenCV&Ceres&g2o及TF/MxNet/Caffe 6. 熟悉EKF、粒子滤波、g2o、BA TSDF等算法；  ,7. 视觉惯性里程计（VIO）相关算法，了解IMU数据处理与融合； ,8. 基于激光雷达、IMU或单目、双目，RGB-D摄像头等输入信息的地图构建算法，有处理RGBD图像或点云经验 ,9. 熟悉SVO，ORB-SLAM和holokit系统（理论和代码），并对特征点识别跟踪，姿态防抖动，重定位，闭环检测，词袋模型有深入研究与实践；  ,10. 扎实的C/C++/python等语言知识及熟练使用常用的数据结构与算法。,11. 有良好的逻辑思维能力和数据敏感度，能够熟练阅读和编写英文论文，具有优秀的科学技术研究能力； ,福利待遇：,1、国家法定节假日、带薪年假、股票期权；,2、五险一金基本保障，入职当月即缴纳社保(当月15日后入职的次月缴纳社保)；,3、极具竞争力的薪酬，年终奖金另计；,4、定期团队活动、年会；各类过节福利、节日礼品、慰问金等；,5、晚七点餐补、晚九点的士补；还有不定期聚餐、旅游、水果、下午茶等；,6、公司处广电科技园内，风景雅致，有大型员工餐厅；公司设有冰箱、微波炉等，可自带饭菜；也可由前台统一订购外卖；,7、浓郁的科技创新氛围，务实扁平化组织；和谐、融洽、分享的工作氛围，更有nice的领导，牛人大咖的指引；,8、符合落户条件者，公司负责办理广户手续及报销费用。",1.2-1.7万/月,广州-天河区  |  无工作经验  |  硕士  |  招若干人  |  08-14发布  |  普通话良好,SLAM算法研究员（2019届校园招聘）
广东星舆科技有限公司,"1. 负责基于单目，双目摄像头的地图构建算法及自主定位算法的技术研发及相关产品实现；,2. 负责对VSLAM开源算法选型和二次开发；,3. 负责与惯导算法工程师配合进行融合算法开发。,岗位要求： ,1.2019年毕业，硕士以上学历；,2.计算机、图像处理、应用数学、统计学、模式识别、人工智能、自动化控制、  运筹学、生物学、物理学/量子计算、神经科学等专业 ；,3. 具有扎实的数学基础，精通多视几何、非线性优化等； ,4. 熟练掌握SLAM前端VO的相关知识与算法，对PnP姿态求解问题有深入研究  ,5. 熟悉SLAM后端的优化算法如BA，图优化理论及常用第三方库的使用如OpenCV&Ceres&g2o及TF/MxNet/Caffe 6. 熟悉EKF、粒子滤波、g2o、BA TSDF等算法；  ,7. 视觉惯性里程计（VIO）相关算法，了解IMU数据处理与融合； ,8. 基于激光雷达、IMU或单目、双目，RGB-D摄像头等输入信息的地图构建算法，有处理RGBD图像或点云经验 ,9. 熟悉SVO，ORB-SLAM和holokit系统（理论和代码），并对特征点识别跟踪，姿态防抖动，重定位，闭环检测，词袋模型有深入研究与实践；  ,10. 扎实的C/C++/python等语言知识及熟练使用常用的数据结构与算法。,11. 有良好的逻辑思维能力和数据敏感度，能够熟练阅读和编写英文论文，具有优秀的科学技术研究能力； ,福利待遇：,1、国家法定节假日、带薪年假、股票期权；,2、五险一金基本保障，入职当月即缴纳社保(当月15日后入职的次月缴纳社保)；,3、极具竞争力的薪酬，年终奖金另计；,4、定期团队活动、年会；各类过节福利、节日礼品、慰问金等；,5、晚七点餐补、晚九点的士补；还有不定期聚餐、旅游、水果、下午茶等；,6、公司处广电科技园内，风景雅致，有大型员工餐厅；公司设有冰箱、微波炉等，可自带饭菜；也可由前台统一订购外卖；,7、浓郁的科技创新氛围，务实扁平化组织；和谐、融洽、分享的工作氛围，更有nice的领导，牛人大咖的指引；,8、符合落户条件者，公司负责办理广户手续及报销费用。",1.2-1.7万/月,广州-天河区  |  无工作经验  |  硕士  |  招若干人  |  08-14发布  |  普通话良好,SLAM算法研究员（2019届校园招聘）
珠海市四维时代网络科技有限公司,"【岗位职责】,1.算法的移植和产品化,2.研究并开发移动设备在未知环境中，基于相机、IMU等的SLAM定位算法,3.研究并开发移动机器人自主导航中的路径规划算法,【任职要求】,1.模式识别/通信/计算机/自动化/数学相关专业硕士及以上学历,2.熟练使用C/C++、OpenCV，并能在Linux环境下编程，熟悉ROS，有ROS开发经验优先,3.熟悉视觉SLAM算法，了解其基础理论（包括视觉特征提取和跟踪、多视图几何、回环检测、卡尔曼滤波、非线性优化等），熟悉视觉传感器和IMU传感器的标定,4.具备良好的学习能力，能够熟练阅读英文文献，并根据文献实现相关算法,【加分项】,1.有ORB SLAM，SVO，DSO、LSD SLAM等SLAM开发经验优先,2.具备嵌入式系统视觉算法开发或移植经验者优先,【注意】此岗位工作地点在珠海,【公司优势】,1. 与德国人工智能研究中心（DFKI）合作成立中德人工智能研究院（CMCAI），目前有中德专家团队成员约200人，团队成员均来自DFKI以及4DAGE的高级研究员,2. 创始人及高管人员均是欧洲海归博士及国内名校高材生，研发团队具有丰富的技术开发及项目运营经验；有机会去往德国人工智能研究中心（DFKI）互访学习,3. 公司于2017年完成了4000万元的Pre-A轮融资，现处于B轮融资阶段，发展前景极好,4. 五险一金齐全，周末双休，有机会入户珠海，带薪年假，年终境外旅游，弹性工作制，每年1-3次调薪机会，丰厚年终奖,5. 提供优质宿舍，上班接送车，年度免费体检，节日福利，每月一次的购书福利，每天零食水果饮品宵夜供应,6. 队友特别神，待遇特别高，环境特别好，机会特别多，不定期团建活动和培训课程，还能抓住时代机遇，参与打造一家横扫全球的人工智能计算视觉公司",1.5-2万/月,珠海-珠海高新区  |  无工作经验  |  招1人  |  08-14发布,图像算法研究员（SLAM）
珠海市四维时代网络科技有限公司,"【岗位职责】,1. 负责基于图片的三维重建算法开发与优化,2. 负责在已有三维重建算法基础上开发新功能,【任职要求】,1.模式识别/通信/计算机/自动化/数学相关专业硕士及以上学历,2.熟练掌握C/C++和MATLAB，Python 有很强的代码实现能力,3.熟练使用过OpenCV/OpenGL/PCL等图形图像开源库,4.有在Linux和Windows系统环境下编程的经验,5.具备良好的学习能力，能够熟练阅读英文文献，并根据文献实现相关算法,6.熟练掌握常见数据结构和算法，能够分析和优化计算逻辑，提升性能,【加分项】,1.有做过特征点提取与匹配，基于图片三维重建（SFM）相关项目经验者优先,【注意】此岗位工作地点在珠海,【公司优势】,1. 与德国人工智能研究中心（DFKI）合作成立中德人工智能研究院（CMCAI），目前有中德专家团队成员约200人，团队成员均来自DFKI以及4DAGE的高级研究员,2. 创始人及高管人员均是欧洲海归博士及国内名校高材生，研发团队具有丰富的技术开发及项目运营经验；有机会去往德国人工智能研究中心（DFKI）互访学习,3. 公司于2017年完成了4000万元的Pre-A轮融资，现处于B轮融资阶段，发展前景极好,4. 五险一金齐全，周末双休，有机会入户珠海，带薪年假，年终境外旅游，弹性工作制，每年1-3次调薪机会，丰厚年终奖,5. 提供优质宿舍，上班接送车，年度免费体检，节日福利，每月一次的购书福利，每天零食水果饮品宵夜供应,6. 队友特别神，待遇特别高，环境特别好，机会特别多，不定期团建活动和培训课程，还能抓住时代机遇，参与打造一家横扫全球的人工智能计算视觉公司",1.5-2万/月,珠海-珠海高新区  |  无工作经验  |  招1人  |  08-14发布,图像算法研究员（SFM）
珠海市四维时代网络科技有限公司,"【岗位职责】,1.算法的移植和产品化,2.研究并开发移动设备在未知环境中，基于相机、IMU等的SLAM定位算法,3.研究并开发移动机器人自主导航中的路径规划算法,【任职要求】,1.模式识别/通信/计算机/自动化/数学相关专业硕士及以上学历,2.熟练使用C/C++、OpenCV，并能在Linux环境下编程，熟悉ROS，有ROS开发经验优先,3.熟悉视觉SLAM算法，了解其基础理论（包括视觉特征提取和跟踪、多视图几何、回环检测、卡尔曼滤波、非线性优化等），熟悉视觉传感器和IMU传感器的标定,4.具备良好的学习能力，能够熟练阅读英文文献，并根据文献实现相关算法,【加分项】,1.有ORB SLAM，SVO，DSO、LSD SLAM等SLAM开发经验优先,2.具备嵌入式系统视觉算法开发或移植经验者优先,【公司优势】,1. 与德国人工智能研究中心（DFKI）合作成立中德人工智能研究院（CMCAI），目前有中德专家团队成员约200人，团队成员均来自DFKI以及4DAGE的高级研究员,2. 创始人及高管人员均是欧洲海归博士及国内名校高材生，研发团队具有丰富的技术开发及项目运营经验；有机会去往德国人工智能研究中心（DFKI）互访学习,3. 公司于2017年完成了4000万元的Pre-A轮融资，现处于B轮融资阶段，发展前景极好,4. 五险一金齐全，周末双休，有机会入户珠海，带薪年假，年终境外旅游，弹性工作制，每年1-3次调薪机会，丰厚年终奖,5. 提供优质宿舍，上班接送车，年度免费体检，节日福利，每月一次的购书福利，每天零食水果饮品宵夜供应,6. 队友特别神，待遇特别高，环境特别好，机会特别多，不定期团建活动和培训课程，还能抓住时代机遇，参与打造一家横扫全球的人工智能计算视觉公司",1.5-2万/月,珠海-珠海高新区  |  无工作经验  |  招1人  |  08-14发布,图像算法研究员（SLAM）
北京人人金服投资管理有限公司,"岗位职责：,1. 利用统计分析建模、机器学习算法、自然语言处理等技术方法，针对国内外金融市场产品，研发量化投资策略；,2. 包括但不限于量化 FOF 基金分析与投资策略研发；债券等固收产品的信用风险量化分析；股票、期货量化投资策略研发；金融财经舆情系统研发等；,3. 进行量化投资模型的研发与优化，进行程序化交易策略的代码开发，并协助客户和投资经理进行投资决策；,4. 参与部门日常管理和服务、软硬件建设、团队建设等各方面工作。,任职要求：,1.硕士及以上学历，计算机、金融工程，统计学，数学、物理等相关专业；,2. 熟练掌握至少一种编程语言（Python/JAVA/C++/C/R等，其中 Python 优先）； ,3. 有机器学习、数据挖掘、自然语言处理等经验者优先 ；,4. 有量化投资，FOF基金筛选，股票、期货量化交易经验者优先；,5. 熟悉MySQL, Sql Server等数据库的使用，能熟练使用SQL语言者优先；,7. 具备证券从业资格，CPA、CFA等资格证书者优先；,6. 有ACM竞赛获奖经历优先，有国际高水平会议论文者优先；,8. 精力充沛、乐于分享与交流、抗压能力较强、注重工作实效；",300元/天,北京-朝阳区  |  无工作经验  |  本科  |  招5人  |  08-14发布,量化、算法研究员实习生
深圳市华付信息技术有限公司,"职责描述：,1、负责人脸识别产品的算法研究；,2、负责持续优化人工智能识别算法和机器学习模型，提高人脸识别的准确度和效率；,3、负责对已有AI系统进行分析，并出具优化调整方案或建议；,4、负责跟进行业前沿技术发展趋势，跟踪国际最新算法发展方向和相应技术；,5、负责其他人工智能产品的研发和产品化。,任职要求： ,1、计算机、数学、图像处理等相关专业硕士及以上学历，数学基础扎实，熟悉常用的机器学习方法；,2、有人脸识别相关的研究和工作经验，熟练使用C/C++语言，具备matlab、Pthyon或Java任一语言的编程能力更佳，有Mysql、Hadoop等关系型数据库或分布式数据库工作经验更佳；,3、熟悉OpenCV、CUDA、GPU等技术；,4、敢于承担责任，理解及学习能力强，抗压能力强，具备良好的团队合作精神；,5、熟悉各种深度学习模型，如CNN、DNN、RNN等；,6、能够流畅阅读英文资料。,注：岗位工作地点为深圳",3-5万/月,深圳-南山区  |  无工作经验  |  硕士  |  招5人  |  08-14发布,算法研究员
万达信息股份有限公司,"工作职责：,  1.从事前沿的自然语言处理技术，深度学习技术的研发,  2.将自然语言处理以及深度学习技术应用到医疗领域，进行医疗相关信息抽取，知识图谱，文本理解，自动问答，多轮对话等算法和系统的研发。,任职资格：,  计算机科学，电子工程，统计学，应用数学，医学信息学，信息科学或相关领域;研究生学位（博士学位优先）的候选人;,  很强的自然语言处理，机器学习以及数据挖掘背景；,  较强的软件开发能力，熟练掌握至少一种编程语言，如Python，Java或C++；,  熟悉机器学习相关工具尤其是深度学习相关工具，比如scikit-learn, tensorflow, keras等；,  熟悉自然语言处理相关工具，比如nltk，gensim等，实现过自然语言处理相关算法者优先；,    ,  有过医疗相关领域经验者优先；",,上海  |  1年经验  |  本科  |  招若干人  |  08-14发布,自然语言处理算法研究员
重庆虚拟实境科技有限公司,,0.5-1.5万/月,重庆-九龙坡区  |  无工作经验  |  招2人  |  08-14发布,算法研究员
万达信息股份有限公司,"工作职责：,  1. 研发适用于医疗大数据的人工智能和机器学习的算法，提高AI在医疗决策支持领域的能力。,  2. 负责医疗AI项目的分析建模工作，包括数据处理，基于统计和深度学习的分析建模，模型评估等工作。,  3. 与医院和研究机构合作，在医疗和AI领域的国际期刊上发表论文，申请专利。,任职资格：,  计算机科学，电子工程，统计学，应用数学，信息科学或相关领域具有研究生学位（博士学位优先）;,  很强的机器学习以及数据挖掘背景；,  熟悉深度学习框架，如tensorflow, keras等，有丰富的深度学习建模的经验；,  较强的软件开发能力，熟练掌握至少一种编程语言，如Python，Java或C++；,    ,  良好的英文阅读和写作能力；撰写发表过高水平学术论文者优先。",,上海  |  2年经验  |  本科  |  招若干人  |  08-14发布,AI算法研究员
中德人工智能研究院有限公司,"1、负责公司三维图形/图像程序的算法开发；,2、进行图像识别、机器学习算法研究；,  3、参与产品的系统设计，代码编写，单元测试和bug修复工作；,4、负责对已有系统图形图像处理算法的提升； ,4、 负责相关算法的核心代码实现。,  1、硕士及以上计算机相关专业毕业，2年以上图形/图像算法工作经验；,  2、熟悉C、C++语言，具有一定研发能力，有项目开发经验；,  3、熟悉OpenCV，OpenGL；,  4、具备扎实的数学基础；,  5、精通计算机图形学和图形设计软件的常用算法；,5、 具备图像处理及模式识别的基础理论和算法知识；,                            ,7、从事过三维数字化方面研发或相关开发者优先。",1.5-3.5万/月,芜湖  |  2年经验  |  本科  |  招3人  |  08-14发布  |  计算机科学与技术,图像算法研究员
中德人工智能研究院有限公司,"1、负责公司三维图形/图像程序的算法开发；,2、进行图像识别、机器学习算法研究；,  3、参与产品的系统设计，代码编写，单元测试和bug修复工作；,4、负责对已有系统图形图像处理算法的提升； ,4、 负责相关算法的核心代码实现。,  1、硕士及以上计算机相关专业毕业，2年以上图形/图像算法工作经验；,  2、熟悉C、C++语言，具有一定研发能力，有项目开发经验；,  3、熟悉OpenCV，OpenGL；,  4、具备扎实的数学基础；,  5、精通计算机图形学和图形设计软件的常用算法；,5、 具备图像处理及模式识别的基础理论和算法知识；,                        ,7、从事过三维数字化方面研发或相关开发者优先。",1.5-3.5万/月,芜湖  |  2年经验  |  本科  |  招若干人  |  08-14发布  |  软件工程 计算机科学与技术,图像算法研究员
北京睿科伦智能科技有限公司,"工作职责：,1、理解公司业务运作逻辑，协助上级领导利用数据分析手段，及时发现业务流程中存在的问题，形成数据分析报告，并提出可行性的解决方案；,2、协助完成数据建模，以及测试环境、部署环境和上线环境等事宜；,3、根据数据挖掘，协助上级寻找产品和市场模式改进点与创新点，制定业务策略；,任职要求：,1、本科及以上学历，计算机、自动化、数学、统计学等相关专业，有数据挖掘实习者优先；,2、了解文本挖掘或机器学习者优先,3、对数据敏感，学习能力强以及具备较好的逻辑分析能力；,4、熟练使用Axure、SQL、Excel等办公软件，熟悉Python或者go语言,Ps:直接上级为资深算法研究员、数据运营负责人",200元/天,上海-徐汇区  |  无工作经验  |  招1人  |  08-14发布,大数据开发工程师（实习生）
上海芯仑光电科技有限公司,"工作职责,1. 负责图像处理中图像特征抽取、对象识别(轮廓识别、特征场景辨析等)、图像匹配等算法的研究；,2. 与产品开发部门密切配合，确定从产品需求到图像处理算法实现的技术路线；,3.  领导编程团队完成算法的实验调试，完成产品的研发设计；,任职资格,1. 博士或以上学历，计算机类、机器视觉、图像处理、数学或相关专业；,2.  有扎实的理论基础，在模式识别和计算机视觉方面有较深的理解，熟悉主流的图像处理算法；,3. 熟练掌握 Matlab、C、C++任一种，有工程项目实践经验，可独立完成算法的原型设计；,4.  有较强的文献获取能力，英语文献阅读能力，有较好的横向思维能力和动手能力,5.  交流能力强，有领导团队的能力",5-7万/月,上海-普陀区  |  无工作经验  |  博士  |  招1人  |  08-14发布,高级图像处理算法研究员
浙江金佶惠信息技术有限公司,"1.按照详细的设计，完成基础性的代码设计、代码编写；,2.对自行编制完成的基础性代码进行调试及测试；,3.修复测试发现代码缺陷，确保质量；,4.按照详细设计流程、计划，定时完成工作；,5.辅助进行文档资料整理、收集资料；,6.协助高级程序员进行工作，协助算法研究员进行算法测试；,7.主动提交工作报告及进度报告供组织掌握项目情况。,8.公司安排的其他事宜等。,职位要求,1.一年以上Java或javaweb开发经验；,2.熟练使用Java后台技术；,3.熟练使用SQL语言；,4.熟悉SpringMVC、SSH等Web框架；,5.有较强的学习能力；,6.有良好的创新精神和团队协作经验；,7.身体健康，品德端正，责任心强；,8.能吃苦耐劳，工作踏实，服从公司安排；",0.8-1.5万/月,杭州-江干区  |  无工作经验  |  招2人  |  06-20发布,Java开发工程师
新浪分期,"1、按照详细的设计，完成基础性的代码设计、代码编写；,2、对自行编制完成的基础性代码进行调试及测试； ,3、修复测试发现代码缺陷，确保质量； ,4、按照详细设计流程、计划，定时完成工作； ,5、辅助进行文档资料整理、收集资料；  ,6、协助高级程序员进行工作，协助算法研究员进行算法测试； ,7、主动提交工作报告及进度报告供组织掌握项目情况；,                                8、领导安排的其他事宜等。  ,1、三年以上Java或java web开发经验； ,2、有ERP、CRM、OA等企业管理类软件开发经验优先；,3、熟练使用Java后台技术；   ,4、熟练使用HTML5、CSS等前端技术； ,5、熟练使用SQL语言；   ,6、熟悉Spring MVC、SSH等Web框架；  ,7、有较强的学习能力；  ,8、有良好的创新精神和团队协作经验；  ,9、身体健康，品德端正，责任心强；  ,                                        能吃苦耐劳，工作踏实，服从公司安排。",1.3-1.5万/月,杭州  |  3-4年经验  |  本科  |  招7人  |  07-09发布,Java中级开发工程师
银河期货有限公司,"岗位职责：,1、负责开发做市商交易系统部分模块 ,2、与算法研究员合作，负责相关算法的工程实施工作 ,3、负责项目的需求调研及概要设计 ,4、负责做市商系统的软件维护,5、公司领导交待的其他工作。,任职要求：,1、计算机科学或软件工程等计算机相关专业毕业，全日制本科以上学历，1-3年工作经验，硕士优先 ,2、熟悉c/c++，同时了解python、H5开发优先考虑 ,3、熟悉多线程编程、网络socket编程、my sql数据库编程等 ,4、熟悉CTP、飞创、飞马等柜台系统接口函数优先 ,5. 具有强烈的责任心和较强的沟通协作能力，工作细心。",0.8-1.5万/月,上海-虹口区  |  无工作经验  |  本科  |  招1人  |  07-20发布,软件开发工程师
上海天玑科技股份有限公司,"岗位职责：,1.按照详细的设计，完成基础性的代码设计、代码编写；,2.对自行编制完成的基础性代码进行调试及测试；,3.修复测试发现代码缺陷，确保质量；,4.按照详细设计流程、计划，定时完成工作；,5.辅助进行文档资料整理、收集资料；,6.协助高级程序员进行工作，协助算法研究员进行算法测试；,7.主动提交工作报告及进度报告供组织掌握项目情况。,8.公司安排的其他事宜等。,任职要求：,1、一年及以上的Java或Java web开发经验，具备1到2个完整项目的经验。,2、熟悉常用Java框架；,3、有较强学习能力及沟通能力；,4、品行端正，身体健康；,5、具备吃苦耐劳精神。",1-1.5万/月,杭州  |  2年经验  |  大专  |  招1人  |  08-14发布,Java开发工程师
浙江大学滨海产业技术研究院," ,1.     按照详细的设计，完成基础性的代码设计、代码编写；,2.     对自行编制完成的基础性代码进行调试及测试；,3.    修复测试发现代码缺陷，确保质量；,4.     按照详细设计流程、计划，定时完成工作；,5.    辅助进行文档资料整理、收集资料；,6.     协助高级程序员进行工作，协助算法研究员进行算法测试；,7.     主动提交工作报告及进度报告供组织掌握项目情况。,8.     公司安排的其他事宜等。,1. 一年以上Java或java web开发经验；,2. 熟练使用Java后台技术； ,3. 熟练使用HTML5、CSS等前端技术；,4. 熟练使用SQL语言；,5. 熟悉Spring MVC、SSH等Web框架；,6. 有较强的学习能力；,7. 有良好的创新精神和团队协作经验；,8. 身体健康，品德端正，责任心强；,                                                                                        ,9. 能吃苦耐劳，工作踏实，服从公司安排；",0.6-1万/月,天津-滨海新区  |  2年经验  |  本科  |  招1人  |  08-14发布,Java开发工程师
南京七宝机器人技术有限公司,"熟练使用C或C++,熟悉linux操作系统,熟悉多种测距传感器原理及应用场景,丰富的电子电路设计及程序开发经验,扎实的数学基础，思维清晰，逻辑严密,熟悉gmapping、orb_slam、cartographer等导航定位算法者优先",0.5-2万/月,南京  |  2年经验  |  本科  |  招2人  |  08-14发布  |  英语良好,机器人研发工程师
北京医帮管家科技有限公司,"职责描述：,1、人脸识别算法的研究与实现；,2、评测数据的整理及评估指标建立；,3、编写训练、预测代码；,4、参与产品研发过程，根据需求设计相应的算法。,任职要求：,1、在人脸识别技术领域有2年以上算法经验；,2、熟悉深度学习原理，熟练使用常见的深度学习训练工具；,3、熟悉Linux操作系统，熟练使用C/C++编程语言；,4、在***会议、期刊有论文发表，在LFW，FDDB，WiderFace，Megaface，Youtube Face等公开评测中取得好成绩者优先。",2-4万/月,北京-朝阳区  |  5-7年经验  |  本科  |  招1人  |  07-23发布,人脸识别算法研究员
北京搜狗科技发展有限公司,"岗位职责,任职条件",3-5万/月,北京-海淀区  |  3-4年经验  |  硕士  |  招1人  |  07-23发布,信息流-推荐算法研究员
厦门美图之家科技有限公司,"1. 参与美图各个产品线的用户属性的建模；,2. 分析用户行为、文本、图像相关的数据，运用机器学习算法，构建合理的模型，能够对用户的属性进行预测；,1. 全日制本科及以上学历，计算机相关专业；,2. 熟练掌握分类、聚类、回归、降维等经典机器学习算法和理论，能够根据实际问题构建模型，运用合理的算法进行模型优化和预测；,3. 熟悉常用的数据挖掘算法和方法，并能够根据实际情况建模并解决实际问题，具备对用户行为、文本等数据的分析处理能力，了解业界的最新动态；,4. 掌握python/c++/java等语言中的一种，熟悉某类数据挖掘工具(如weka、Mahout、sklearn)，能够快速建立模型并进行优化；,5. 具备独立的数据分析能力和良好的逻辑思维能力，能够根据实际情况，来分析和解决问题；,6. 具有良好的沟通能力，有责任心，有良好的学习能力，具备优秀的沟通能力和团队精神；",2.5-3万/月,深圳  |  无工作经验  |  本科  |  招若干人  |  07-23发布,算法研究员（用户画像）-深圳(职位编号：Meitu002650)
南京苏宁软件技术有限公司,"1、负责广告平台点击率，转化率预估，商品推荐，反作弊等建模工作；,2、理解广告主数据分析和用户数据分析场景，抽象为数据产品需求，不断完善基础数据的建设；,3、理解机器学习算法，引入更多机器学习算法提升广告效果。,1、具备较强的数据抽象能力；,2、熟悉大规模机器学习算法,LR/GBDT/CF/DNN中一种或多种算法,并具备多年的实际工作经验；,3、实现过LR/GBDT/CF/DNN一种或多种分布式计算方式；,4、熟悉java/shell/python编程；,5、熟悉深度学习,了解深度学习框架。",3-6万/月,南京-玄武区  |  5-7年经验  |  本科  |  招若干人  |  07-27发布,算法研究员（广告方向）(009869)(职位编号：suning009869)
浙江诺尔康神经电子科技股份有限公司,,1.5-3万/月,杭州-余杭区  |  2年经验  |  硕士  |  招1人  |  08-02发布  |  英语熟练  |  电子信息科学与技术 计算机科学与技术,算法研究员
图麟信息科技（上海）有限公司,,3-10万/月,深圳-南山区  |  无工作经验  |  博士  |  招5人  |  08-02发布,深度学习算法研究员、副研究员
北京云知声信息技术有限公司,,1.5-2.5万/月,合肥-蜀山区  |  无工作经验  |  硕士  |  招2人  |  08-04发布,NLP算法研究员
北京一览科技有限公司,"岗位职责：,1、从事机器学习、深度学习在图像识别、自然语言处理等领域的算法模型研究和优化工作；,2、支持公司相关产品在深度学习领域的需求，并研究算法解决方案；?,任职要求：,1、本科及以上学历，无工作经验要求，数据挖掘、机器学习、自然语言处理等人工智能相关的专业优先；,2、熟悉至少一种深度学习训练工（Caffe/Theano/Keras/ConvNet/TensorFlow/Torch等）；,3、精通机器学习、图像识别、自然语言处理等领域的相关算法；,4、良好的数学基础，及信息搜索、文献阅读的能力；,5、有一定的编程能力，能够写出算法的Demo，不限制编程语言；,6、富有想象力和学习能力，良好的团队合作精神和分析与解决问题的能力。  ",1.5-3万/月,北京-朝阳区  |  无工作经验  |  本科  |  招若干人  |  08-06发布,AI算法研究员
IBM2019应届生招聘项目," IBM中国研究院与学术界及工业界广泛合作，致力于基础认知技术的研发，包括自然语言处理/理解、语音及声音分析、情感分析、深度学习、,强化学习等。您需要对人工智能技术的底层架构及算法有一定的研究并有将对已有的技术进行创新性改进的能力。,我们希望您：,1. 对科学创新抱有极大热情,2. 具备独立计划、管理研究项目和追求科学卓越的能力,3. 展示和捍卫自己的科学发现的能力,4. 至少在以下的一个领域里拥有足够的专业知识和提出项目及方法的能力：深度学习、增强学习、神经网络、自然语言处理/理解、机器人、声学、语言学、信号处理、物联网、金融工程,5. 至少熟练掌握以下一种语言：C, C++, Java, Python, JavaScript等,6. 至少掌握一种主要的认知技术开发工具：Tensorflow, Keras, Caffee, Torch, R, SAS/SPSS等,7. 有过硬的论文或专利发表记录是更优的,加入我们，您将有机会学习： ,1. 如何在国际企业开展研究项目,2. 如何与国际团队合作,3. 如何申请专利,4. 如何将研究成果转化成能产生价值的解决方案或产品,工作地点：北京",,上海  |  无工作经验  |  本科  |  招若干人  |  08-08发布,认知技术及算法研究员/软件工程师(上海）(职位编号：10)
上海圣岚广告有限公司,,1-1.5万/月,上海-静安区  |  2年经验  |  招2人  |  08-08发布,算法研究员
中移在线服务有限公司,"主要职责：,1、负责语音识别技术的声学模型、信号处理、语音识别、情绪识别等相关算法的研究；,      2、负责语音合成相关算法的研究；,      3、负责可配置化语音交互算法的研发；,      4、负责智能语音客服应答系统的架构设计与系统实现。,任职要求：,教育：全日制硕士或以上学历；,      知识：具备计算机软件、数据挖掘，机器学习，模式识别，信号处理等相关专业知识；,         技能：精通信号处理、语音识别核心算法相关的研究、开发和应用经验；熟悉某一种或几种脚本语言，具备良好的C/C++编程基础，有一定的项目经验；有过开源语音识别工具的使用经验者优先；对数据结构和算法设计有较为深刻的理解；,      经验：3年以上语音算法研发经验；  ",15-30万/年,郑州  |  3-4年经验  |  本科  |  招若干人  |  08-08发布,语音算法研究员
埃摩森人才服务（上海）有限公司,"职位描述：,1、负责自然语言处理相关算法研发工作，包括但不限于语义理解，语言生成，对话管理，信息抽取，知识图谱，自动问答，聊天机器人等；,2、把相关NLP算法做工程优化，并应用于实际上线的产品中；,3、跟踪NLP领域研究动态，发表学术论文和申请发明专利；,职位要求：,1、计算机相关专业本科及以上学历；,2、熟练掌握Java或者C/C++语言，熟悉一门脚本语言，如Python；,3、有自然语言处理或机器学习经验，有深度学习经验优先；,4、有良好的学习，沟通和团队协作能力；,5、有较好的英文科技文献阅读能力；,工作时间：朝九晚六，周末双休",1.5-3万/月,上海-闵行区  |  3-4年经验  |  本科  |  招1人  |  07-19发布,NLP算法研究员
北京搜狗科技发展有限公司,"岗位职责,任职条件",3-5万/月,北京-海淀区  |  5-7年经验  |  硕士  |  招1人  |  07-23发布,网页搜索-相关推荐算法研究员
南京苏宁软件技术有限公司,"1、基于海量用户行为，开发用户画像数据挖掘模型；,2、负责用户画像数据准备、标签开发与标签评测；,3、负责搜索引擎rank、query分析、相关性计算、推荐算法，用户行为分析等方向的深入研究。,1、研究、建立并完善对话机器人相关模型及算法；,2、搭建并维护自然语言处理相关的基础技术设施；,3、追踪深度学习、自然语言处理及对话机器人领域最新进展；,4、与团队成员一起交付高可用产品。",3-6万/月,南京-玄武区  |  5-7年经验  |  本科  |  招若干人  |  07-27发布,算法研究员（搜索、推荐方向）(009868)(职位编号：suning009868)
北京云知声信息技术有限公司,"岗位职责： ,任职要求：",1.5-2.5万/月,合肥-蜀山区  |  2年经验  |  硕士  |  招2人  |  08-04发布,语音合成算法研究员
厦门科拓通讯技术股份有限公司,,4.5-6千/月,厦门  |  1年经验  |  大专  |  招若干人  |  06-20发布,图像算法应用工程师（C/C++）
北京搜狗科技发展有限公司,,1.5-3万/月,北京-海淀区  |  3-4年经验  |  招1人  |  07-12发布,智能驾驶-机器学习研究员-北京-02907
浙江金佶惠信息技术有限公司,"岗位职责：,1.按照详细的设计，完成基础性的代码设计、代码编写；,2.对自行编制完成的基础性代码进行调试及测试；,3.修复测试发现代码缺陷，确保质量；,4.按照详细设计流程、计划，定时完成工作；,5.辅助进行文档资料整理、收集资料；,6.协助高级程序员进行工作，协助算法研究员进行算法测试；,7.主动提交工作报告及进度报告供组织掌握项目情况。,8.公司安排的其他事宜等。,职位要求,1.一年以上Java或javaweb开发经验；,2.熟练使用Java后台技术；,3.熟练使用HTML5、CSS等前端技术；,4.熟练使用SQL语言；,5.熟悉SpringMVC、SSH等Web框架；,6.有较强的学习能力；,7.有良好的创新精神和团队协作经验；,8.身体健康，品德端正，责任心强；,9.能吃苦耐劳，工作踏实，服从公司安排；",6-8千/月,嘉兴  |  2年经验  |  大专  |  招1人  |  06-20发布  |  普通话良好,Java开发工程师
北京搜狗科技发展有限公司,,1.5-3万/月,北京-海淀区  |  无工作经验  |  招1人  |  07-12发布,智能驾驶-手写体方向算法-北京-02908
北京搜狗科技发展有限公司,,1.5-3万/月,北京-海淀区  |  无工作经验  |  招1人  |  07-12发布,智能驾驶-唇语识别方向-北京-02909
北京搜狗科技发展有限公司,,1.5-3万/月,北京-海淀区  |  无工作经验  |  招1人  |  07-12发布,智能驾驶-场景文字识别方向-北京-02910
北京搜狗科技发展有限公司,,1.5-3万/月,北京-海淀区  |  无工作经验  |  招1人  |  07-12发布,智能驾驶-视觉SLAM方向-北京-02911
中科探海（苏州）海洋科技有限责任公司,,3.5-5.5千/月,张家港  |  1年经验  |  本科  |  招2人  |  08-14发布,商务行政助理
珠海市四维时代网络科技有限公司,"1. 负责基于图片的三维重建算法开发与优化,2. 负责在已有三维重建算法基础上开发新功能,5.具备良好的学习能力，能够熟练阅读英文文献，并根据文献实现相关算法,6.熟练掌握常见数据结构和算法，能够分析和优化计算逻辑，提升性能",1.5-2.5万/月,珠海-珠海高新区  |  无工作经验  |  招2人  |  07-11发布,图像算法研究员（SFM）
珠海市四维时代网络科技有限公司,,1.5-2.5万/月,珠海-珠海高新区  |  无工作经验  |  招若干人  |  07-11发布,图像算法研究员（SLAM）
珠海市四维时代网络科技有限公司,"1. 负责基于机械臂的图像识别算法的开发与优化, ,5.具备良好的学习能力，能够熟练阅读英文文献，并根据文献实现相关算法,6.熟练掌握常见数据结构和算法，能够分析和优化计算逻辑，提升性能",1.5-2.5万/月,珠海-珠海高新区  |  无工作经验  |  招若干人  |  07-11发布,图像算法研究员（机械臂视觉）
珠海市四维时代网络科技有限公司,    ,1.5-2.5万/月,珠海-珠海高新区  |  无工作经验  |  招若干人  |  07-11发布,图像算法研究员（SLAM）
北京搜狗科技发展有限公司,,2-3.5万/月,北京-海淀区  |  无工作经验  |  招1人  |  07-12发布,信息流-推荐算法研究员-北京-03415
北京搜狗科技发展有限公司,,2.5-3万/月,北京-海淀区  |  5-7年经验  |  本科  |  招1人  |  07-12发布,图片搜索 - 图像OCR算法研究员-北京-02788
北京搜狗科技发展有限公司,,3-5万/月,北京-海淀区  |  无工作经验  |  硕士  |  招2人  |  07-12发布,智能问答-问答与对话算法研究员-北京-02326
北京云知声信息技术有限公司,"岗位职责：,任职要求：,  ",1.5-2.5万/月,合肥-蜀山区  |  无工作经验  |  硕士  |  招2人  |  08-04发布,机器翻译算法研究员
IBM2019应届生招聘项目," IBM中国研究院与学术界及工业界广泛合作，致力于基础认知技术的研发，包括自然语言处理/理解、语音及声音分析、情感分析、深度学习、,强化学习等。您需要对人工智能技术的底层架构及算法有一定的研究并有将对已有的技术进行创新性改进的能力。,我们希望您：,1. 对科学创新抱有极大热情,2. 具备独立计划、管理研究项目和追求科学卓越的能力,3. 展示和捍卫自己的科学发现的能力,4. 至少在以下的一个领域里拥有足够的专业知识和提出项目及方法的能力：深度学习、增强学习、神经网络、自然语言处理/理解、机器人、声学、语言学、信号处理、物联网、金融工程,5. 至少熟练掌握以下一种语言：C, C++, Java, Python, JavaScript等,6. 至少掌握一种主要的认知技术开发工具：Tensorflow, Keras, Caffee, Torch, R, SAS/SPSS等,7. 有过硬的论文或专利发表记录是更优的,加入我们，您将有机会学习： ,1. 如何在国际企业开展研究项目,2. 如何与国际团队合作,3. 如何申请专利,4. 如何将研究成果转化成能产生价值的解决方案或产品,工作地点：北京",,北京  |  无工作经验  |  本科  |  招若干人  |  08-08发布,认知技术及算法研究员/软件工程师（北京）(职位编号：10)
珠海安润普科技有限公司,,1.5-2万/月,珠海  |  2年经验  |  本科  |  招2人  |  08-10发布,算法研究员(职位编号：2017026)
杭州英歌智达科技有限公司,,1-5万/月,杭州  |  2年经验  |  大专  |  招3人  |  08-12发布,高级算法研究员（工程师）
杭州英歌智达科技有限公司,,1-5万/月,杭州  |  2年经验  |  大专  |  招3人  |  08-12发布,高级算法研究员（工程师）
深圳市腾讯计算机系统有限公司,,,上海  |  3-4年经验  |  硕士  |  招2人  |  08-13发布,20503-深度学习视频算法研究员（上海）(职位编号：42908)
深圳市腾讯计算机系统有限公司,,,深圳  |  3-4年经验  |  硕士  |  招1人  |  08-13发布,SA-腾讯社交广告图像视觉算法研究员（QQ广告 深圳）(职位编号：42765)
深圳市腾讯计算机系统有限公司,,,深圳  |  2年经验  |  硕士  |  招2人  |  08-13发布,SA-腾讯社交广告排序算法研究员（微信广告 深圳）(职位编号：38731)
深圳市腾讯计算机系统有限公司,,,深圳  |  3-4年经验  |  硕士  |  招1人  |  08-13发布,MIG09-知识图谱高级算法研究员(职位编号：38400)
深圳市腾讯计算机系统有限公司,,,上海  |  2年经验  |  硕士  |  招3人  |  08-13发布,SNG04-内容平台视觉算法研究员（上海）(职位编号：41832)
深圳市腾讯计算机系统有限公司,,,深圳  |  3-4年经验  |  硕士  |  招2人  |  08-13发布,SNG16-腾讯音乐音频算法研究员-MIR方向（深圳）(职位编号：40711)
深圳市腾讯计算机系统有限公司,,,深圳  |  3-4年经验  |  硕士  |  招2人  |  08-13发布,SNG16-腾讯音乐缺陷检测算法研究员（深圳）(职位编号：40712)
杭州奥腾电子股份有限公司,"岗位职责： ,1、图像分析、图像处理算法研究及实现，视频编解码算法研究及实现；,2、熟悉计算机图像学，熟悉基本图像处理算法，可使用C/C++实现相关算法。,3、负责ADAS相关图像算法的设计和研究;,4、车道检测、车道偏离检测；,5、车辆、行人等目标的检测；,6、图像拼接、跟踪算法;,7、协助产品标定，道路调试等相关工作。,岗位要求： ,1. 计算机视觉、模式识别、图像处理、计算机视觉、数学、自控或电子等相关专业，硕士以上学历,博士优先。；,2. 精通C/C++开发，具有扎实的编程和数据结构算法功底;,3. 熟练使用OpenCV，Matlab等工具；,4. 精通图像处理算法，熟悉特征提取，目标检测和目标跟踪的主流算法，熟悉人脸检测与识别算法；,5. 具有良好的算法基础，数学理论基础，熟练阅读英文材料；,6. 有较强的分析能力、逻辑能力及学习能力，有较好的沟通能力和合作精神，对解决挑战型问题充满激情；,7. 有前车防撞预警、车道偏移检测、行人车辆等目标检测、道路交通指示牌识别算法经验者优先；,8. 有复杂软件系统的架构设计经验以及嵌入式或跨平台开发经验；,9. 有嵌入式平台算法移植经验者优先。,待遇：,1、工作时间：八小时双休，8:30-17：15 ,2、福利待遇：五险一金,3.  工作地址：杭州下沙经济技术开发区6号大街260号11幢,【招聘热线】 ,0571-86877276-8011 人力资源部 朱小姐 ,【加入奥腾的理由】 ,· 处于最具发展前景的行业和经济发达地区 ,· 完善的绩效激励制度和富有竞争力的薪资待遇 ,· 充分的实现自我价值的平台及职业发展空间 ,· 良好的工作环境和团队氛围 ",2-2.5万/月,杭州-江干区  |  3-4年经验  |  硕士  |  招1人  |  08-08发布,图像算法研究员
苏州雷格特智能设备股份有限公司,"1、推进计算机视觉和深度学习领域的核心算法；,2、构建计算机视觉或深度学习领域的关键应用。,任职资格：,1、扎实的编程基础；有CUDA, OPENCL编程经历优先。,2、对CV / DL有浓厚的兴趣，致力于在此领域发展。包括但不限于计算机视觉（包括分类，检测，分割，跟踪，和三维重建）；图像或信号处理；计算摄影学和计算机图形学等；,3、熟悉 Python 等至少一门脚本语言，使用过 Theano, Caffe, Torch, TensorFlow 等开源深度学习框架优先；,4、有深度模型训练，图像分类、物体检测与分割、视频分析、三维建模、计算机图形学等相关科研经历者（例如***会议第一作者）优先。",6-8千/月,南京-秦淮区  |  2年经验  |  本科  |  招1人  |  08-08发布,视觉算法研究员
北京远鉴科技股份有限公司,"岗位职责：,1. 深度学习算法研发与优化，面向人脸识别、图像分类、目标检测、OCR等；,2. 图像处理算法研发与优化，包括图像光照处理、图像质量增强等；,3. 面向产品应用的算法优化，Linux/Android/Win封装；,4. 专利、软件著作权、技术材料撰写；,5. 对产品开发人员对接支持。,任职要求：,1. 博士学历，有过人脸识别、图像分类、目标检测等相关方向研究或工作经历，熟练掌握模式识别、计算机视觉、图像处理等领域相关理论和算法；,2. 深入理解深度学习原理和网络架构，或有扎实的数学和图像处理理论功底，熟悉图像增强、目标/人脸检测、特征提取和目标分类方法；,3. 动手能力强，熟悉caffe或其它深度学习开发平台，熟练使用c/c++/python等编程语言；,4. 对关键技术有自己独到见解，能够把握技术发展趋势，立志于超越技术极限；,5. 具备很强的自我驱动力、创造能力、拓展能力、抽象思维能力；,6. 具有高度的工作热情，良好的职业道德，有良好的沟通能力，优秀的语言及文字表达能力。",3-5万/月,北京-海淀区  |  3-4年经验  |  博士  |  招1人  |  08-14发布,计算机视觉算法研究员
浙江捷尚视觉科技股份有限公司,,2.5-5万/月,杭州  |  3-4年经验  |  硕士  |  招5人  |  08-14发布,图像算法研究员
中德人工智能研究院有限公司,"1、负责公司三维图形/图像程序的算法开发；,2、进行图像识别、机器学习算法研究；,  3、参与产品的系统设计，代码编写，单元测试和bug修复工作；,4、负责对已有系统图形图像处理算法的提升； ,4、 负责相关算法的核心代码实现。,  1、硕士及以上计算机相关专业毕业，2年以上图形/图像算法工作经验；,  2、熟悉C、C++语言，具有一定研发能力，有项目开发经验；,  3、熟悉OpenCV，OpenGL；,  4、具备扎实的数学基础；,  5、精通计算机图形学和图形设计软件的常用算法；,5、 具备图像处理及模式识别的基础理论和算法知识；,                        ,7、从事过三维数字化方面研发或相关开发者优先。",1.5-3.5万/月,芜湖  |  2年经验  |  本科  |  招若干人  |  08-14发布  |  软件工程 计算机科学与技术,图像算法研究员
杭州鲁尔物联科技有限公司,"Job Direction: ,Artificial Intelligence and Pattern Recognition,Participate in Machine learning/deep learning,,and support vector machine of artificial intelligence and pattern recognition technologies such as modeling and implementation. Applies those technologies to the big data mining and analysis of Installed based networks. Ruhr will Implement the service mode of the revolution and greatly enhance user experience of current /future network, cloud data centers and software application. Based on actual scenarios and issues, we will do algorithm research and develop the system and output of the service of the big data-based intelligent expert system or solution. Assist Ruhr safety IoT to achieve an aim that Ruhr is able to support client to have precast ability of potential hazards.,Major in: ,mathematics, applied mathematics and computer science and technology, Software Engineering, Communication Engineering etc.,Research interests: ,mathematical, probability and mathematical statistics, mathematical control, operational research, data mining, artificial intelligence, machine learning, Deep Learning, data classification, and communication network NFV/SDN",1.8-2.5万/月,杭州-余杭区  |  3-4年经验  |  本科  |  招1人  |  08-14发布,算法研究员
广东南方海岸科技服务有限公司,,0.8-1万/月,广州  |  无工作经验  |  招若干人  |  08-14发布,大数据算法研究员
OPPO,"岗位职责:,1、负责机器翻译的搭建，包括双语和多语语料的挖掘、清洗，翻译模型、语言模型，文本分类与领域识别、语种识别，翻译实例库与规则模板库的建设等,2、负责针对具体业务场景和产品的领域适配与模型调优，大规模模型训练及测试工具的开发,3、负责跟进行业前沿技术发展趋势并规划研发工作，跟踪国际最新算法发展方向和相应技术并选择性快速开发原型系统,岗位要求：,1、计算语言学、计算机、电子信息、自动化等相关专业硕士以上学历,2、熟悉Linux下C/C++/Java开发技术，Python,3、熟悉Moses、Giza++、openNMT、Tensorflow、Torch等工具的使用，有商业化机器翻译系统开发经验优先",4-5万/月,北京-朝阳区  |  无工作经验  |  招若干人  |  08-14发布,机器翻译算法研究员
,,,,
,,,,
北京中星微电子有限公司,"1. 跟进人工智能技术发展前沿，定期形成算法研究报告；,2. 根据产品研发实际需要，在图像及视频领域负责相关的数学模型建立，以及模型的多次迭代输出和实现；,3. 对图像数据预处理、统计分析、数据增扩等方向进行深入分析；,4. 建立算法测试条件、确定评估指标、实现并完善自动化评估环境；,5. 协助开发人员实现产品从模型、算法到系统的转变；,6. 推进人工智能技术的在前瞻性项目上的应用；,1. 全日制硕士及以上学历，博士优先，计算机、通信、数学、统计等相关专业；,2. 对工作充满热情，积极向上，对人工智能领域有浓厚兴趣，能够主动跟踪最新的人工智能技术；,3. 结合产品研发需求，独立展开算法研究的能力；,4. 优秀的数学功底（线性代数、概率），具有较强的数理统计分析能力；,5. 对 图像分类、目标检测、目标识别、目标跟踪、图像语义分割、图像检索中一项或者多项有深入理解；,6. 掌握人工智能、机器学习、神经网络等研究方向基础知识；,7. 掌握至少一门计算机开发语言（C/C++、java、python等）,8. 良好的学习和研究能力，能够独立阅读英文文献；,9. 具有团队协作能力和独立完成任务能力，愿意挑战新的领域；,10. 在以下领域发表SCI论文或者有实际开发经验者为佳：计算机视觉、图像处理、神经网络等；,11. 熟悉Linux操作系统、熟练掌握Shell、Python、MatLAB编程语言者为佳；,12. 熟悉Caffe2、Pytorch、Tensorflow、Mxnet等一种或多种神经网络计算框架者为佳；,                                                                                13. 有Kaggle、KITTI或者其他类似比赛的竞赛经验者为佳",1.5-2.5万/月,南京-浦口区  |  3-4年经验  |  本科  |  招2人  |  08-14发布,深度学习算法研究员（图像、视频方向）
东方微银网络信息（北京）有限公司,                        ,0.9-1.5万/月,北京-海淀区  |  无工作经验  |  招若干人  |  08-14发布,算法研究员
,,,,
